Timestamp,Name,ID,URL,Time Spent
12/30/2023 18:44,Amanda,32,www.myschool.com,94m
12/30/2023 11:55,Chelsea,392,www.myschool.com,92m
12/30/2023 6:17,Maya,352,www.myschool.com,109m
12/30/2023 1:04,Alexis,78,www.myschool.com,47m
12/30/2023 0:21,Alan,131,www.myschool.com,21m
12/29/2023 23:05,Jack,318,www.myschool.com,1m
12/29/2023 12:26,Gabriel,155,www.myschool.com,46m
12/29/2023 4:59,Angel,20,www.myschool.com,57m
12/29/2023 1:57,Gavin,330,www.myschool.com,31m
12/28/2023 23:06,Colby,176,www.myschool.com,48m
12/28/2023 19:18,Isabella,320,www.myschool.com,61m
12/28/2023 18:39,Jade,204,www.myschool.com,70m
12/28/2023 6:24,Victoria,329,www.myschool.com,96m
12/28/2023 4:09,Skylar,19,www.myschool.com,60m
12/28/2023 3:54,Sarah,51,www.myschool.com,89m
12/28/2023 1:53,Liam,158,www.myschool.com,73m
12/28/2023 0:47,Sadie,384,www.myschool.com,119m
12/27/2023 22:57,Gianna,31,www.myschool.com,23m
12/27/2023 6:48,Mario,227,www.myschool.com,20m
12/27/2023 1:42,Giovanni,342,www.myschool.com,24m
12/26/2023 23:45,Alyssa,294,www.myschool.com,107m
12/26/2023 17:44,Gage,69,www.myschool.com,85m
12/26/2023 16:22,Brayden,200,www.myschool.com,76m
12/26/2023 16:13,James,49,www.myschool.com,88m
12/26/2023 13:04,Nicole,198,www.myschool.com,106m
12/26/2023 10:56,Bianca,128,www.myschool.com,59m
12/26/2023 7:40,Kathryn,87,www.myschool.com,41m
12/26/2023 7:32,Paul,117,www.myschool.com,18m
12/26/2023 6:28,Aidan,235,www.myschool.com,62m
12/26/2023 3:57,Kelsey,77,www.myschool.com,5m
12/25/2023 17:58,Raymond,219,www.myschool.com,24m
12/25/2023 13:09,Marcus,251,www.myschool.com,70m
12/25/2023 4:20,Kyle,42,www.myschool.com,85m
12/24/2023 19:54,Javier,364,www.myschool.com,67m
12/24/2023 6:23,Christopher,58,www.myschool.com,92m
12/23/2023 16:45,Marco,345,www.myschool.com,43m
12/23/2023 8:45,Danielle,321,www.myschool.com,60m
12/23/2023 5:54,John,12,www.myschool.com,51m
12/23/2023 2:28,Allison,192,www.myschool.com,34m
12/22/2023 3:07,Jocelyn,377,www.myschool.com,76m
12/21/2023 13:15,Julia,322,www.myschool.com,32m
12/20/2023 21:47,Alexandra,28,www.myschool.com,111m
12/20/2023 21:38,Raymond,219,www.myschool.com,111m
12/20/2023 15:41,Elijah,199,www.myschool.com,64m
12/20/2023 12:33,Lillian,274,www.myschool.com,42m
12/20/2023 7:39,Audrey,43,www.myschool.com,65m
12/20/2023 1:48,Eric,233,www.myschool.com,7m
12/19/2023 11:47,Jeremy,257,www.myschool.com,110m
12/19/2023 10:56,Carson,5,www.myschool.com,43m
12/19/2023 7:58,Leonardo,290,www.myschool.com,62m
12/19/2023 6:55,Sophie,296,www.myschool.com,11m
12/19/2023 0:17,Raymond,219,www.myschool.com,72m
12/18/2023 17:26,Rachel,286,www.myschool.com,21m
12/18/2023 8:35,Adriana,79,www.myschool.com,47m
12/17/2023 17:42,Caroline,70,www.myschool.com,26m
12/17/2023 15:32,Makenzie,349,www.myschool.com,48m
12/16/2023 23:34,Diego,149,www.myschool.com,90m
12/16/2023 11:45,Jordan,81,www.myschool.com,6m
12/16/2023 7:56,Stephen,258,www.myschool.com,80m
12/16/2023 3:23,Jorge,145,www.myschool.com,91m
12/15/2023 0:53,Tanner,170,www.myschool.com,14m
12/14/2023 18:17,Sadie,384,www.myschool.com,42m
12/14/2023 9:27,Carter,324,www.myschool.com,18m
12/14/2023 9:18,Sophie,296,www.myschool.com,31m
12/14/2023 7:32,Grant,57,www.myschool.com,29m
12/13/2023 10:28,Luke,177,www.myschool.com,44m
12/13/2023 9:13,Fernando,216,www.myschool.com,85m
12/13/2023 3:44,Jayla,333,www.myschool.com,117m
12/12/2023 21:03,Karen,250,www.myschool.com,90m
12/12/2023 17:49,Gabrielle,114,www.myschool.com,104m
12/12/2023 17:49,Malachi,238,www.myschool.com,68m
12/12/2023 17:41,Brittany,102,www.myschool.com,26m
12/12/2023 14:15,David,332,www.myschool.com,0m
12/12/2023 6:50,Mario,227,www.myschool.com,99m
12/11/2023 16:27,Natalie,180,www.myschool.com,47m
12/11/2023 12:19,Skylar,19,www.myschool.com,48m
12/11/2023 12:07,Adrianna,217,www.myschool.com,28m
12/11/2023 7:40,Antonio,230,www.myschool.com,88m
12/11/2023 6:32,Ashton,266,www.myschool.com,57m
12/11/2023 5:49,Veronica,207,www.myschool.com,85m
12/11/2023 1:11,Kimberly,181,www.myschool.com,117m
12/10/2023 22:58,Francisco,164,www.myschool.com,100m
12/10/2023 20:52,Adam,133,www.myschool.com,117m
12/10/2023 16:34,Victor,288,www.myschool.com,34m
12/10/2023 5:33,Bryan,182,www.myschool.com,53m
12/9/2023 23:36,Destiny,22,www.myschool.com,105m
12/9/2023 21:38,Samuel,255,www.myschool.com,93m
12/9/2023 13:20,Samuel,255,www.myschool.com,110m
12/9/2023 8:15,Sofia,150,www.myschool.com,31m
12/9/2023 3:33,Lillian,274,www.myschool.com,99m
12/8/2023 22:37,Angel,240,www.myschool.com,108m
12/8/2023 4:21,Emmanuel,123,www.myschool.com,49m
12/8/2023 1:03,Parker,62,www.myschool.com,51m
12/7/2023 22:28,Jade,204,www.myschool.com,48m
12/7/2023 21:52,Gabriella,298,www.myschool.com,99m
12/7/2023 18:16,Alexia,187,www.myschool.com,27m
12/7/2023 16:12,Parker,62,www.myschool.com,45m
12/7/2023 11:04,Anthony,23,www.myschool.com,94m
12/7/2023 9:17,Skylar,19,www.myschool.com,18m
12/7/2023 6:27,Devin,253,www.myschool.com,54m
12/7/2023 5:11,Brittany,102,www.myschool.com,90m
12/7/2023 4:45,Caroline,70,www.myschool.com,49m
12/7/2023 3:43,Josiah,99,www.myschool.com,17m
12/6/2023 17:42,Ashlyn,175,www.myschool.com,92m
12/6/2023 13:53,Jared,84,www.myschool.com,33m
12/6/2023 11:54,Jessica,295,www.myschool.com,90m
12/6/2023 5:34,Tiffany,154,www.myschool.com,103m
12/5/2023 18:08,Ariana,231,www.myschool.com,83m
12/5/2023 5:09,Chase,169,www.myschool.com,94m
12/4/2023 6:00,Logan,390,www.myschool.com,48m
12/3/2023 21:16,Amber,119,www.myschool.com,6m
12/3/2023 15:12,Sergio,319,www.myschool.com,61m
12/2/2023 22:24,Cody,6,www.myschool.com,36m
12/2/2023 17:44,Eli,297,www.myschool.com,18m
12/2/2023 11:07,Anthony,23,www.myschool.com,20m
12/2/2023 6:29,Riley,293,www.myschool.com,114m
12/2/2023 4:02,Gregory,7,www.myschool.com,15m
12/1/2023 19:45,Carter,324,www.myschool.com,53m
12/1/2023 18:09,Chloe,120,www.myschool.com,100m
12/1/2023 10:22,Kennedy,211,www.myschool.com,17m
11/30/2023 18:47,Marissa,370,www.myschool.com,47m
11/30/2023 15:30,Zachary,222,www.myschool.com,43m
11/30/2023 12:09,Shelby,3,www.myschool.com,97m
11/29/2023 21:11,Caleb,52,www.myschool.com,111m
11/29/2023 14:45,Victoria,329,www.myschool.com,108m
11/29/2023 12:45,Liliana,146,www.myschool.com,87m
11/29/2023 5:22,Christina,54,www.myschool.com,1m
11/29/2023 4:35,Jordan,81,www.myschool.com,97m
11/28/2023 10:06,Summer,89,www.myschool.com,0m
11/28/2023 8:25,Emmanuel,123,www.myschool.com,14m
11/28/2023 6:21,Mya,269,www.myschool.com,50m
11/27/2023 23:33,Jenna,383,www.myschool.com,8m
11/27/2023 11:28,Alyssa,294,www.myschool.com,105m
11/26/2023 22:27,Aaron,327,www.myschool.com,53m
11/26/2023 20:39,Erica,92,www.myschool.com,93m
11/26/2023 20:05,Hailey,105,www.myschool.com,31m
11/26/2023 19:58,Kelsey,77,www.myschool.com,64m
11/26/2023 17:03,Andrea,259,www.myschool.com,112m
11/26/2023 13:18,Jazmin,127,www.myschool.com,105m
11/26/2023 7:11,Garrett,165,www.myschool.com,69m
11/26/2023 0:10,Briana,249,www.myschool.com,13m
11/25/2023 23:30,Luke,177,www.myschool.com,14m
11/25/2023 9:38,Micah,121,www.myschool.com,105m
11/24/2023 22:35,Julia,322,www.myschool.com,99m
11/22/2023 19:42,Anthony,23,www.myschool.com,88m
11/22/2023 14:00,Marissa,370,www.myschool.com,70m
11/22/2023 9:49,Gianna,31,www.myschool.com,33m
11/22/2023 9:29,Joshua,391,www.myschool.com,65m
11/22/2023 5:02,Ella,341,www.myschool.com,69m
11/21/2023 22:58,Christopher,58,www.myschool.com,20m
11/21/2023 8:29,Giselle,132,www.myschool.com,52m
11/21/2023 1:11,Molly,160,www.myschool.com,79m
11/20/2023 23:33,Michael,270,www.myschool.com,22m
11/20/2023 23:17,Jonathan,273,www.myschool.com,56m
11/20/2023 17:33,Jesus,15,www.myschool.com,90m
11/20/2023 15:35,Sofia,150,www.myschool.com,80m
11/20/2023 15:23,Kathryn,87,www.myschool.com,76m
11/20/2023 14:19,Nathaniel,278,www.myschool.com,21m
11/20/2023 12:39,Charles,71,www.myschool.com,51m
11/20/2023 6:24,Faith,34,www.myschool.com,98m
11/19/2023 20:45,Vincent,148,www.myschool.com,120m
11/19/2023 9:15,Cameron,366,www.myschool.com,74m
11/19/2023 3:20,Michael,270,www.myschool.com,91m
11/19/2023 2:30,Liliana,146,www.myschool.com,79m
11/18/2023 21:54,Dakota,302,www.myschool.com,60m
11/18/2023 9:07,Eric,233,www.myschool.com,2m
11/17/2023 6:17,Bianca,128,www.myschool.com,15m
11/17/2023 0:34,Cassandra,299,www.myschool.com,31m
11/17/2023 0:04,Patrick,106,www.myschool.com,110m
11/16/2023 13:48,Jillian,399,www.myschool.com,120m
11/16/2023 7:57,Sadie,384,www.myschool.com,40m
11/16/2023 0:29,Diana,11,www.myschool.com,51m
11/15/2023 20:39,Megan,36,www.myschool.com,99m
11/15/2023 17:45,Melanie,147,www.myschool.com,18m
11/15/2023 0:19,Damian,242,www.myschool.com,10m
11/14/2023 6:01,Wyatt,168,www.myschool.com,90m
11/14/2023 0:01,Jared,84,www.myschool.com,115m
11/13/2023 23:25,Alexis,78,www.myschool.com,102m
11/13/2023 19:52,Jaden,303,www.myschool.com,95m
11/13/2023 14:48,Avery,151,www.myschool.com,74m
11/13/2023 5:54,Claire,252,www.myschool.com,27m
11/13/2023 3:11,Amelia,63,www.myschool.com,31m
11/13/2023 2:17,Cheyenne,268,www.myschool.com,89m
11/12/2023 23:38,Sydney,172,www.myschool.com,55m
11/12/2023 5:31,Morgan,97,www.myschool.com,77m
11/11/2023 14:58,Carson,5,www.myschool.com,115m
11/11/2023 6:57,Lucy,394,www.myschool.com,80m
11/11/2023 3:53,Riley,293,www.myschool.com,70m
11/11/2023 2:38,Lucas,202,www.myschool.com,70m
11/10/2023 22:51,Kylie,189,www.myschool.com,90m
11/10/2023 17:16,Eli,297,www.myschool.com,96m
11/10/2023 15:24,Brittany,102,www.myschool.com,97m
11/10/2023 6:48,Miguel,243,www.myschool.com,6m
11/10/2023 5:15,Michelle,139,www.myschool.com,119m
11/10/2023 4:50,Raymond,219,www.myschool.com,92m
11/9/2023 15:04,Andrea,259,www.myschool.com,43m
11/9/2023 9:55,Kennedy,211,www.myschool.com,102m
11/9/2023 4:01,Naomi,374,www.myschool.com,24m
11/8/2023 17:29,Jessica,295,www.myschool.com,113m
11/8/2023 14:45,Kevin,8,www.myschool.com,47m
11/8/2023 8:52,Summer,89,www.myschool.com,59m
11/8/2023 5:06,Kylee,167,www.myschool.com,105m
11/8/2023 4:52,Jonathan,273,www.myschool.com,66m
11/7/2023 21:32,Hayden,336,www.myschool.com,65m
11/7/2023 14:38,Jacob,226,www.myschool.com,52m
11/7/2023 1:39,Alexandra,28,www.myschool.com,19m
11/6/2023 18:42,Braden,104,www.myschool.com,37m
11/6/2023 11:34,Jeremy,257,www.myschool.com,68m
11/6/2023 8:28,Ayden,35,www.myschool.com,40m
11/6/2023 6:26,Sophia,357,www.myschool.com,9m
11/6/2023 0:05,Damian,242,www.myschool.com,88m
11/5/2023 21:39,Payton,277,www.myschool.com,46m
11/5/2023 13:33,Kelsey,77,www.myschool.com,62m
11/4/2023 21:58,Gabriella,298,www.myschool.com,47m
11/4/2023 12:08,Joel,144,www.myschool.com,102m
11/4/2023 0:57,Alexis,78,www.myschool.com,102m
11/4/2023 0:51,Jack,318,www.myschool.com,114m
11/3/2023 19:24,Zoey,100,www.myschool.com,103m
11/3/2023 18:10,Rylee,361,www.myschool.com,28m
11/3/2023 17:20,Giselle,132,www.myschool.com,111m
11/3/2023 15:49,Kendall,262,www.myschool.com,72m
11/3/2023 5:58,James,49,www.myschool.com,90m
11/3/2023 1:53,Devon,2,www.myschool.com,45m
11/2/2023 18:17,Carson,5,www.myschool.com,34m
11/2/2023 16:41,Jeffrey,388,www.myschool.com,55m
11/2/2023 9:13,Hector,85,www.myschool.com,94m
11/2/2023 7:11,Wyatt,168,www.myschool.com,29m
11/2/2023 0:04,Kelly,350,www.myschool.com,89m
11/1/2023 20:16,Micah,121,www.myschool.com,2m
11/1/2023 16:54,Jordan,81,www.myschool.com,44m
11/1/2023 15:45,Johnathan,378,www.myschool.com,40m
11/1/2023 12:10,Edward,263,www.myschool.com,31m
11/1/2023 9:49,Ashley,173,www.myschool.com,103m
11/1/2023 9:27,Dalton,45,www.myschool.com,38m
11/1/2023 7:24,Omar,185,www.myschool.com,112m
10/31/2023 19:19,Aaliyah,215,www.myschool.com,40m
10/31/2023 19:16,Austin,10,www.myschool.com,118m
10/31/2023 7:36,Erick,289,www.myschool.com,68m
10/30/2023 16:14,Angela,397,www.myschool.com,79m
10/30/2023 15:18,Savannah,343,www.myschool.com,109m
10/30/2023 14:59,Layla,365,www.myschool.com,20m
10/30/2023 7:24,Amy,39,www.myschool.com,91m
10/29/2023 7:02,Jayden,107,www.myschool.com,27m
10/29/2023 2:35,Bryson,125,www.myschool.com,10m
10/28/2023 22:00,Isabelle,197,www.myschool.com,75m
10/28/2023 20:13,Angelica,272,www.myschool.com,77m
10/28/2023 12:47,Edwin,41,www.myschool.com,67m
10/28/2023 10:47,Shelby,3,www.myschool.com,40m
10/28/2023 4:32,Caitlin,261,www.myschool.com,38m
10/27/2023 22:00,Makenzie,349,www.myschool.com,67m
10/27/2023 11:31,Martin,26,www.myschool.com,61m
10/27/2023 10:44,Summer,89,www.myschool.com,92m
10/26/2023 19:33,Conner,225,www.myschool.com,73m
10/26/2023 18:49,Emily,248,www.myschool.com,96m
10/26/2023 2:17,Wesley,229,www.myschool.com,84m
10/26/2023 1:08,Tyler,220,www.myschool.com,69m
10/25/2023 16:57,Devon,2,www.myschool.com,10m
10/25/2023 13:35,Landon,368,www.myschool.com,44m
10/25/2023 3:35,Leah,372,www.myschool.com,0m
10/24/2023 23:40,Sofia,150,www.myschool.com,118m
10/24/2023 14:30,Austin,10,www.myschool.com,119m
10/24/2023 9:04,Devon,2,www.myschool.com,115m
10/24/2023 0:27,Claire,252,www.myschool.com,112m
10/23/2023 21:10,Jasmin,83,www.myschool.com,92m
10/23/2023 15:49,Alexia,187,www.myschool.com,101m
10/23/2023 7:40,Katherine,108,www.myschool.com,46m
10/22/2023 18:14,Charlotte,232,www.myschool.com,68m
10/21/2023 22:41,Kevin,8,www.myschool.com,90m
10/21/2023 15:32,Evan,166,www.myschool.com,46m
10/21/2023 12:45,Charlotte,232,www.myschool.com,105m
10/21/2023 3:21,Emmanuel,123,www.myschool.com,63m
10/20/2023 19:16,Kaitlyn,72,www.myschool.com,32m
10/20/2023 4:06,Nolan,351,www.myschool.com,77m
10/19/2023 21:45,Travis,59,www.myschool.com,88m
10/19/2023 19:47,Joseph,209,www.myschool.com,98m
10/19/2023 18:32,Josiah,99,www.myschool.com,27m
10/19/2023 15:45,Mya,269,www.myschool.com,15m
10/19/2023 8:49,Katherine,108,www.myschool.com,103m
10/18/2023 22:04,Cassidy,254,www.myschool.com,116m
10/18/2023 18:12,Aiden,280,www.myschool.com,48m
10/18/2023 3:49,Tyler,220,www.myschool.com,112m
10/18/2023 1:35,Brady,281,www.myschool.com,6m
10/17/2023 17:06,Ruby,282,www.myschool.com,2m
10/17/2023 16:25,Stephanie,241,www.myschool.com,82m
10/17/2023 7:37,Ashley,173,www.myschool.com,119m
10/17/2023 5:52,Shawn,27,www.myschool.com,118m
10/16/2023 23:48,Oliver,16,www.myschool.com,67m
10/16/2023 18:41,Alexandra,28,www.myschool.com,74m
10/16/2023 13:31,Richard,163,www.myschool.com,106m
10/16/2023 10:07,Alexia,187,www.myschool.com,16m
10/16/2023 8:24,Ashlyn,175,www.myschool.com,86m
10/16/2023 6:54,Christian,196,www.myschool.com,0m
10/15/2023 21:07,Breanna,98,www.myschool.com,119m
10/15/2023 18:12,Landon,368,www.myschool.com,12m
10/15/2023 6:21,Colin,283,www.myschool.com,57m
10/14/2023 23:35,Lillian,274,www.myschool.com,110m
10/14/2023 22:25,Cesar,24,www.myschool.com,103m
10/14/2023 20:25,Hunter,153,www.myschool.com,86m
10/14/2023 18:14,Gabriel,155,www.myschool.com,120m
10/14/2023 16:16,Bryce,205,www.myschool.com,10m
10/14/2023 14:49,Aubrey,126,www.myschool.com,45m
10/14/2023 13:15,Eduardo,159,www.myschool.com,96m
10/14/2023 12:56,Michelle,139,www.myschool.com,85m
10/14/2023 11:12,Cesar,24,www.myschool.com,111m
10/14/2023 1:03,Hunter,153,www.myschool.com,48m
10/13/2023 17:45,Eric,233,www.myschool.com,9m
10/13/2023 2:47,Gage,69,www.myschool.com,47m
10/13/2023 0:19,Luke,177,www.myschool.com,69m
10/12/2023 17:50,Laura,4,www.myschool.com,19m
10/12/2023 13:23,Tiffany,154,www.myschool.com,51m
10/12/2023 11:32,Marissa,370,www.myschool.com,72m
10/12/2023 11:18,Jordan,389,www.myschool.com,34m
10/12/2023 8:00,Brady,281,www.myschool.com,45m
10/12/2023 6:17,Serenity,363,www.myschool.com,41m
10/12/2023 5:57,Angelica,272,www.myschool.com,103m
10/11/2023 21:00,Alana,156,www.myschool.com,27m
10/11/2023 12:22,Andrea,259,www.myschool.com,104m
10/10/2023 23:01,James,49,www.myschool.com,102m
10/10/2023 21:04,Justin,375,www.myschool.com,105m
10/10/2023 3:11,Edward,263,www.myschool.com,23m
10/9/2023 9:48,Mia,313,www.myschool.com,27m
10/9/2023 6:58,Ana,47,www.myschool.com,65m
10/8/2023 18:42,Dylan,55,www.myschool.com,11m
10/8/2023 16:06,Evan,166,www.myschool.com,26m
10/8/2023 13:16,Nolan,351,www.myschool.com,64m
10/8/2023 8:47,Cheyenne,268,www.myschool.com,14m
10/8/2023 8:19,Jessica,295,www.myschool.com,47m
10/8/2023 7:45,Karen,250,www.myschool.com,40m
10/7/2023 21:01,Alana,156,www.myschool.com,65m
10/7/2023 13:13,Savannah,343,www.myschool.com,33m
10/7/2023 1:42,Amanda,32,www.myschool.com,28m
10/6/2023 12:53,Antonio,230,www.myschool.com,43m
10/6/2023 7:00,Caden,40,www.myschool.com,95m
10/6/2023 6:10,Brooke,287,www.myschool.com,69m
10/6/2023 4:19,Justin,375,www.myschool.com,95m
10/5/2023 17:48,Stephanie,241,www.myschool.com,107m
10/5/2023 15:22,Levi,386,www.myschool.com,41m
10/5/2023 13:28,Benjamin,334,www.myschool.com,92m
10/5/2023 2:32,Antonio,230,www.myschool.com,70m
10/4/2023 15:52,Ian,315,www.myschool.com,54m
10/4/2023 15:44,Kaylee,48,www.myschool.com,61m
10/4/2023 13:20,Payton,277,www.myschool.com,87m
10/4/2023 2:34,Delaney,344,www.myschool.com,46m
10/4/2023 2:11,Jesse,358,www.myschool.com,66m
10/3/2023 23:51,Austin,10,www.myschool.com,49m
10/3/2023 17:17,Jordan,389,www.myschool.com,56m
10/3/2023 15:54,Adriana,79,www.myschool.com,119m
10/2/2023 20:48,Angelina,50,www.myschool.com,76m
10/2/2023 19:34,Liam,158,www.myschool.com,92m
10/2/2023 11:01,Jalen,134,www.myschool.com,56m
10/2/2023 7:37,Faith,34,www.myschool.com,84m
10/1/2023 18:32,Charlotte,232,www.myschool.com,120m
10/1/2023 13:17,Gianna,31,www.myschool.com,34m
9/29/2023 23:10,Isaac,178,www.myschool.com,38m
9/29/2023 22:59,Mario,227,www.myschool.com,108m
9/29/2023 20:09,Mark,292,www.myschool.com,19m
9/29/2023 18:42,Cody,6,www.myschool.com,1m
9/29/2023 14:13,Mark,292,www.myschool.com,39m
9/29/2023 12:08,Nathan,371,www.myschool.com,114m
9/29/2023 11:55,Ethan,61,www.myschool.com,95m
9/29/2023 9:32,Kaden,44,www.myschool.com,16m
9/29/2023 8:26,Oliver,16,www.myschool.com,45m
9/29/2023 6:46,Faith,34,www.myschool.com,79m
9/29/2023 5:59,Riley,293,www.myschool.com,107m
9/28/2023 15:43,Cristian,135,www.myschool.com,9m
9/28/2023 8:52,Ashton,266,www.myschool.com,72m
9/28/2023 8:34,Riley,293,www.myschool.com,31m
9/28/2023 5:17,Jordan,81,www.myschool.com,43m
9/28/2023 4:33,Samuel,255,www.myschool.com,28m
9/28/2023 4:09,Joel,144,www.myschool.com,24m
9/27/2023 19:29,Caitlin,261,www.myschool.com,101m
9/27/2023 12:45,Mya,269,www.myschool.com,91m
9/27/2023 11:44,Lilly,138,www.myschool.com,1m
9/27/2023 8:06,Giovanni,342,www.myschool.com,43m
9/26/2023 12:39,Jesse,358,www.myschool.com,51m
9/26/2023 8:43,Jason,95,www.myschool.com,65m
9/26/2023 3:54,Amelia,63,www.myschool.com,116m
9/25/2023 21:43,Aaron,327,www.myschool.com,20m
9/25/2023 14:16,Valeria,66,www.myschool.com,86m
9/25/2023 14:14,Kaylee,48,www.myschool.com,7m
9/25/2023 12:29,Makenzie,349,www.myschool.com,91m
9/25/2023 2:18,Elizabeth,46,www.myschool.com,94m
9/24/2023 19:35,Julian,115,www.myschool.com,107m
9/24/2023 15:51,Henry,307,www.myschool.com,26m
9/24/2023 5:42,Alondra,214,www.myschool.com,31m
9/24/2023 4:51,Ricardo,17,www.myschool.com,12m
9/24/2023 4:11,Joshua,391,www.myschool.com,105m
9/24/2023 4:09,Diana,11,www.myschool.com,65m
9/24/2023 3:23,Joseph,209,www.myschool.com,16m
9/24/2023 2:03,Owen,314,www.myschool.com,49m
9/23/2023 20:43,Trevor,356,www.myschool.com,20m
9/23/2023 20:31,Hunter,153,www.myschool.com,11m
9/23/2023 8:15,Edwin,41,www.myschool.com,64m
9/23/2023 7:36,Jacob,226,www.myschool.com,5m
9/23/2023 3:55,Andrew,380,www.myschool.com,73m
9/22/2023 16:38,Jonathan,273,www.myschool.com,119m
9/22/2023 13:41,Isabelle,197,www.myschool.com,94m
9/22/2023 8:28,Jaden,303,www.myschool.com,1m
9/21/2023 21:03,Jaden,303,www.myschool.com,64m
9/21/2023 1:14,Peyton,101,www.myschool.com,36m
9/21/2023 1:06,Bryce,205,www.myschool.com,22m
9/20/2023 23:26,Shane,267,www.myschool.com,41m
9/20/2023 16:20,Dalton,45,www.myschool.com,45m
9/20/2023 11:17,Erik,360,www.myschool.com,8m
9/19/2023 13:02,Trenton,130,www.myschool.com,7m
9/19/2023 7:47,Landon,368,www.myschool.com,74m
9/19/2023 6:03,Alexandria,328,www.myschool.com,92m
9/19/2023 4:30,Joshua,391,www.myschool.com,28m
9/18/2023 23:14,Jonathan,273,www.myschool.com,27m
9/18/2023 20:26,Xavier,143,www.myschool.com,62m
9/18/2023 18:36,Justin,375,www.myschool.com,88m
9/18/2023 14:55,Malachi,238,www.myschool.com,19m
9/18/2023 1:29,Abigail,1,www.myschool.com,100m
9/17/2023 21:08,Jayla,333,www.myschool.com,30m
9/17/2023 20:28,Sophie,296,www.myschool.com,80m
9/17/2023 14:14,Summer,89,www.myschool.com,119m
9/17/2023 13:27,Hope,264,www.myschool.com,89m
9/17/2023 6:38,Madelyn,224,www.myschool.com,93m
9/16/2023 23:29,Peyton,300,www.myschool.com,49m
9/16/2023 18:02,Blake,326,www.myschool.com,82m
9/16/2023 14:17,Jared,84,www.myschool.com,114m
9/16/2023 12:35,Edwin,41,www.myschool.com,103m
9/16/2023 5:56,Zoey,100,www.myschool.com,12m
9/16/2023 5:37,Bryson,125,www.myschool.com,98m
9/16/2023 1:04,Hector,85,www.myschool.com,116m
9/15/2023 23:17,Natalie,180,www.myschool.com,117m
9/15/2023 22:23,Jazmin,127,www.myschool.com,59m
9/15/2023 18:20,Alexis,111,www.myschool.com,95m
9/15/2023 16:48,Alexandria,328,www.myschool.com,23m
9/15/2023 12:25,Kyle,42,www.myschool.com,77m
9/15/2023 8:57,Alyssa,294,www.myschool.com,42m
9/15/2023 7:47,Lauren,279,www.myschool.com,12m
9/15/2023 2:56,Amber,119,www.myschool.com,99m
9/14/2023 23:55,Connor,244,www.myschool.com,1m
9/14/2023 23:51,Gavin,330,www.myschool.com,114m
9/14/2023 23:28,David,332,www.myschool.com,108m
9/14/2023 6:35,Tanner,170,www.myschool.com,27m
9/13/2023 13:47,Connor,244,www.myschool.com,52m
9/13/2023 3:36,Jordan,81,www.myschool.com,1m
9/12/2023 15:11,Karina,348,www.myschool.com,37m
9/12/2023 14:36,Rachel,286,www.myschool.com,49m
9/12/2023 14:05,Mark,292,www.myschool.com,67m
9/11/2023 23:07,Alexia,187,www.myschool.com,58m
9/11/2023 21:26,Juliana,53,www.myschool.com,99m
9/11/2023 16:51,Ryan,218,www.myschool.com,36m
9/11/2023 7:38,Oliver,16,www.myschool.com,88m
9/11/2023 1:42,Nathaniel,278,www.myschool.com,114m
9/10/2023 17:42,Martin,26,www.myschool.com,101m
9/10/2023 12:12,Daniel,213,www.myschool.com,108m
9/10/2023 10:13,Michael,270,www.myschool.com,20m
9/10/2023 7:08,Brody,346,www.myschool.com,34m
9/10/2023 5:12,Timothy,206,www.myschool.com,67m
9/10/2023 0:05,Lily,323,www.myschool.com,106m
9/9/2023 11:41,George,210,www.myschool.com,108m
9/9/2023 8:52,Wesley,229,www.myschool.com,111m
9/9/2023 4:16,Colton,234,www.myschool.com,14m
9/8/2023 2:37,Erica,92,www.myschool.com,73m
9/8/2023 2:20,Jesus,15,www.myschool.com,40m
9/8/2023 0:31,Serenity,363,www.myschool.com,114m
9/7/2023 14:08,Tanner,170,www.myschool.com,41m
9/7/2023 0:35,Colton,234,www.myschool.com,0m
9/6/2023 22:34,Carson,5,www.myschool.com,44m
9/6/2023 9:17,Elijah,199,www.myschool.com,60m
9/6/2023 0:06,Eric,233,www.myschool.com,114m
9/5/2023 22:43,Leonardo,290,www.myschool.com,55m
9/5/2023 19:58,Kelly,350,www.myschool.com,1m
9/5/2023 16:05,Samantha,193,www.myschool.com,43m
9/5/2023 13:10,Xavier,143,www.myschool.com,60m
9/5/2023 8:47,Bryan,182,www.myschool.com,31m
9/5/2023 7:38,Rylee,361,www.myschool.com,101m
9/4/2023 14:52,Chase,169,www.myschool.com,5m
9/4/2023 3:40,Reagan,74,www.myschool.com,110m
9/3/2023 23:58,Kimberly,181,www.myschool.com,33m
9/3/2023 20:41,Taylor,190,www.myschool.com,113m
9/3/2023 19:48,Cristian,135,www.myschool.com,23m
9/3/2023 19:20,Emily,248,www.myschool.com,37m
9/3/2023 16:31,Justin,375,www.myschool.com,31m
9/3/2023 2:40,Jada,271,www.myschool.com,109m
9/2/2023 23:16,Nicole,198,www.myschool.com,81m
9/2/2023 22:20,Joseph,209,www.myschool.com,86m
9/2/2023 21:33,Jazmin,127,www.myschool.com,42m
9/2/2023 17:29,Nicole,198,www.myschool.com,51m
9/2/2023 9:30,Genesis,353,www.myschool.com,76m
9/1/2023 15:32,Madeline,68,www.myschool.com,19m
9/1/2023 2:59,Alan,131,www.myschool.com,53m
8/31/2023 17:43,Angel,240,www.myschool.com,30m
8/31/2023 8:27,Caroline,70,www.myschool.com,2m
8/31/2023 2:55,Jorge,145,www.myschool.com,62m
8/31/2023 0:00,Derek,25,www.myschool.com,90m
8/30/2023 18:17,Amber,119,www.myschool.com,87m
8/30/2023 14:12,Jeremy,257,www.myschool.com,71m
8/29/2023 12:31,Aaron,327,www.myschool.com,8m
8/29/2023 8:33,Kathryn,87,www.myschool.com,1m
8/29/2023 4:35,Erica,92,www.myschool.com,71m
8/28/2023 10:36,Austin,10,www.myschool.com,111m
8/28/2023 0:15,William,239,www.myschool.com,64m
8/27/2023 19:22,Thomas,90,www.myschool.com,9m
8/27/2023 12:23,Michael,270,www.myschool.com,96m
8/27/2023 3:22,Kaleb,142,www.myschool.com,112m
8/27/2023 0:07,Sebastian,64,www.myschool.com,42m
8/26/2023 15:41,Samantha,193,www.myschool.com,76m
8/26/2023 2:54,Eric,233,www.myschool.com,63m
8/26/2023 2:31,Amelia,63,www.myschool.com,37m
8/25/2023 22:00,Grace,285,www.myschool.com,113m
8/25/2023 20:26,Riley,339,www.myschool.com,14m
8/25/2023 17:48,Jayden,107,www.myschool.com,5m
8/25/2023 15:23,Skylar,19,www.myschool.com,96m
8/24/2023 9:42,Kylie,189,www.myschool.com,88m
8/24/2023 9:37,Nicole,198,www.myschool.com,112m
8/23/2023 22:05,Alicia,162,www.myschool.com,79m
8/23/2023 21:23,Alex,56,www.myschool.com,52m
8/23/2023 16:42,Kaylee,48,www.myschool.com,16m
8/23/2023 5:53,Shelby,3,www.myschool.com,77m
8/23/2023 5:07,Jesus,15,www.myschool.com,60m
8/23/2023 2:18,Ethan,61,www.myschool.com,11m
8/22/2023 22:31,Makenzie,349,www.myschool.com,29m
8/22/2023 14:34,Robert,221,www.myschool.com,34m
8/22/2023 12:43,Sierra,212,www.myschool.com,114m
8/22/2023 9:56,Blake,326,www.myschool.com,40m
8/22/2023 5:38,Rebecca,256,www.myschool.com,114m
8/22/2023 3:04,Alexis,111,www.myschool.com,21m
8/21/2023 21:40,Nevaeh,398,www.myschool.com,5m
8/21/2023 20:36,Devon,2,www.myschool.com,76m
8/21/2023 19:06,Donovan,284,www.myschool.com,30m
8/21/2023 11:00,Natalia,379,www.myschool.com,7m
8/21/2023 2:35,Levi,386,www.myschool.com,9m
8/20/2023 8:12,Vincent,148,www.myschool.com,103m
8/20/2023 0:36,Liam,158,www.myschool.com,36m
8/19/2023 22:14,Serenity,363,www.myschool.com,113m
8/19/2023 19:28,Ana,47,www.myschool.com,59m
8/19/2023 17:34,Mario,227,www.myschool.com,9m
8/19/2023 15:14,Jacqueline,67,www.myschool.com,57m
8/19/2023 13:57,Joel,144,www.myschool.com,14m
8/18/2023 22:28,Marco,345,www.myschool.com,10m
8/18/2023 13:46,Arianna,122,www.myschool.com,32m
8/18/2023 11:12,Alexandra,28,www.myschool.com,52m
8/17/2023 19:44,Bianca,128,www.myschool.com,118m
8/17/2023 19:05,Nicole,198,www.myschool.com,68m
8/17/2023 17:58,Travis,59,www.myschool.com,77m
8/17/2023 15:32,Daniela,116,www.myschool.com,107m
8/17/2023 14:17,Shane,267,www.myschool.com,112m
8/17/2023 12:45,Xavier,143,www.myschool.com,97m
8/17/2023 8:43,Joshua,391,www.myschool.com,66m
8/16/2023 23:15,Carson,5,www.myschool.com,19m
8/16/2023 21:10,Maya,352,www.myschool.com,92m
8/16/2023 19:34,Jonah,308,www.myschool.com,32m
8/16/2023 9:32,Bianca,128,www.myschool.com,34m
8/16/2023 7:12,Alan,131,www.myschool.com,88m
8/16/2023 0:41,Travis,59,www.myschool.com,18m
8/15/2023 18:02,Gregory,7,www.myschool.com,82m
8/15/2023 15:25,Kyle,42,www.myschool.com,55m
8/15/2023 12:30,Sabrina,325,www.myschool.com,86m
8/15/2023 6:48,Nathaniel,278,www.myschool.com,55m
8/15/2023 5:41,Bryson,125,www.myschool.com,45m
8/15/2023 1:44,Natalie,180,www.myschool.com,48m
8/14/2023 5:48,Travis,59,www.myschool.com,95m
8/13/2023 21:59,Samantha,193,www.myschool.com,59m
8/13/2023 19:23,Hope,264,www.myschool.com,16m
8/13/2023 13:26,Liam,158,www.myschool.com,36m
8/13/2023 11:02,Marissa,370,www.myschool.com,111m
8/13/2023 7:05,Liam,158,www.myschool.com,14m
8/12/2023 17:52,Marissa,370,www.myschool.com,80m
8/11/2023 15:31,Oscar,265,www.myschool.com,47m
8/10/2023 23:16,Daniela,116,www.myschool.com,54m
8/10/2023 18:24,Miguel,243,www.myschool.com,88m
8/10/2023 11:59,Aaliyah,215,www.myschool.com,91m
8/10/2023 9:30,Jade,204,www.myschool.com,83m
8/10/2023 8:57,Karina,348,www.myschool.com,45m
8/9/2023 15:51,Jasmine,141,www.myschool.com,53m
8/9/2023 6:20,Madelyn,224,www.myschool.com,84m
8/8/2023 21:45,Christian,196,www.myschool.com,115m
8/8/2023 19:32,Amber,119,www.myschool.com,40m
8/8/2023 10:48,Victoria,329,www.myschool.com,102m
8/8/2023 8:21,Kaden,44,www.myschool.com,39m
8/8/2023 6:54,Jose,246,www.myschool.com,19m
8/7/2023 3:23,Garrett,165,www.myschool.com,40m
8/7/2023 3:18,Laura,4,www.myschool.com,13m
8/6/2023 23:14,Jaden,303,www.myschool.com,28m
8/6/2023 13:06,Veronica,207,www.myschool.com,100m
8/6/2023 5:50,Eric,233,www.myschool.com,76m
8/6/2023 4:07,Jose,246,www.myschool.com,12m
8/6/2023 1:22,Melanie,147,www.myschool.com,39m
8/5/2023 20:26,Riley,339,www.myschool.com,54m
8/4/2023 23:43,Hope,264,www.myschool.com,83m
8/4/2023 22:56,Omar,185,www.myschool.com,4m
8/4/2023 11:20,Edward,263,www.myschool.com,11m
8/4/2023 10:50,Gregory,7,www.myschool.com,90m
8/4/2023 7:10,Margaret,93,www.myschool.com,14m
8/3/2023 17:57,Zachary,222,www.myschool.com,45m
8/3/2023 15:23,Elias,14,www.myschool.com,37m
8/3/2023 4:56,Adrianna,217,www.myschool.com,81m
8/3/2023 1:11,Hayden,336,www.myschool.com,16m
8/2/2023 12:49,Bryson,125,www.myschool.com,29m
8/2/2023 10:58,Rachel,286,www.myschool.com,23m
8/1/2023 15:20,Aubrey,126,www.myschool.com,66m
8/1/2023 9:31,Bryan,182,www.myschool.com,21m
8/1/2023 4:50,Alexa,29,www.myschool.com,63m
8/1/2023 1:29,Crystal,33,www.myschool.com,13m
8/1/2023 0:54,Xavier,143,www.myschool.com,59m
8/1/2023 0:21,Brody,346,www.myschool.com,84m
7/31/2023 15:37,Destiny,22,www.myschool.com,67m
7/31/2023 6:10,Marissa,370,www.myschool.com,25m
7/30/2023 4:00,Timothy,206,www.myschool.com,37m
7/30/2023 0:35,Aaliyah,215,www.myschool.com,3m
7/29/2023 20:59,Amelia,63,www.myschool.com,90m
7/29/2023 19:20,Aubrey,126,www.myschool.com,53m
7/29/2023 19:03,Logan,390,www.myschool.com,75m
7/29/2023 12:34,Liam,158,www.myschool.com,45m
7/29/2023 9:08,Ashley,173,www.myschool.com,15m
7/29/2023 0:47,Angel,240,www.myschool.com,29m
7/28/2023 19:39,Maya,352,www.myschool.com,117m
7/28/2023 17:14,Carlos,96,www.myschool.com,77m
7/28/2023 16:47,Amelia,63,www.myschool.com,56m
7/28/2023 15:53,Jonathan,273,www.myschool.com,89m
7/28/2023 15:19,Mark,292,www.myschool.com,20m
7/28/2023 3:44,Cassidy,254,www.myschool.com,9m
7/27/2023 17:12,Sean,337,www.myschool.com,60m
7/27/2023 11:22,Aidan,235,www.myschool.com,87m
7/27/2023 7:10,Leah,372,www.myschool.com,76m
7/27/2023 4:32,Addison,103,www.myschool.com,89m
7/27/2023 1:44,Edgar,203,www.myschool.com,82m
7/26/2023 21:59,Marcus,251,www.myschool.com,7m
7/26/2023 15:56,Samantha,193,www.myschool.com,98m
7/26/2023 12:13,Daisy,395,www.myschool.com,93m
7/26/2023 5:44,Maxwell,86,www.myschool.com,75m
7/26/2023 5:10,Samuel,255,www.myschool.com,21m
7/26/2023 2:49,Victoria,329,www.myschool.com,49m
7/26/2023 0:01,Angelina,50,www.myschool.com,107m
7/25/2023 8:51,Marcus,251,www.myschool.com,19m
7/25/2023 3:09,Patrick,106,www.myschool.com,83m
7/24/2023 20:17,Timothy,206,www.myschool.com,99m
7/24/2023 14:19,Gage,69,www.myschool.com,92m
7/24/2023 11:40,Brianna,21,www.myschool.com,112m
7/24/2023 8:56,Dylan,55,www.myschool.com,79m
7/24/2023 1:07,Adrian,236,www.myschool.com,84m
7/23/2023 17:03,Gabrielle,114,www.myschool.com,14m
7/22/2023 17:06,Patrick,106,www.myschool.com,32m
7/22/2023 16:34,Laura,4,www.myschool.com,0m
7/22/2023 14:01,Peyton,101,www.myschool.com,50m
7/22/2023 12:40,Haley,304,www.myschool.com,95m
7/22/2023 11:27,Ian,315,www.myschool.com,18m
7/21/2023 14:45,Bryce,205,www.myschool.com,99m
7/21/2023 14:10,Jake,311,www.myschool.com,28m
7/21/2023 3:47,Jessica,295,www.myschool.com,32m
7/20/2023 4:19,Alondra,214,www.myschool.com,81m
7/19/2023 9:44,Luis,201,www.myschool.com,54m
7/19/2023 7:32,Jocelyn,377,www.myschool.com,100m
7/19/2023 4:35,Isabel,387,www.myschool.com,72m
7/18/2023 22:42,Isabelle,197,www.myschool.com,70m
7/18/2023 20:35,Veronica,207,www.myschool.com,86m
7/18/2023 18:03,Lucas,202,www.myschool.com,65m
7/18/2023 7:09,Cristian,135,www.myschool.com,38m
7/18/2023 4:30,Juan,301,www.myschool.com,4m
7/18/2023 0:00,Samuel,255,www.myschool.com,101m
7/17/2023 19:00,Brian,331,www.myschool.com,59m
7/17/2023 14:58,Josiah,99,www.myschool.com,54m
7/17/2023 8:14,Alan,131,www.myschool.com,20m
7/17/2023 4:37,Angel,20,www.myschool.com,112m
7/16/2023 15:01,Jared,84,www.myschool.com,44m
7/16/2023 14:58,Haley,304,www.myschool.com,81m
7/16/2023 0:39,Natalia,379,www.myschool.com,83m
7/15/2023 2:33,Aubrey,126,www.myschool.com,97m
7/14/2023 23:07,Allison,192,www.myschool.com,3m
7/14/2023 21:18,Isabella,320,www.myschool.com,96m
7/14/2023 14:04,Avery,151,www.myschool.com,73m
7/13/2023 21:36,Liam,158,www.myschool.com,106m
7/13/2023 21:12,Sabrina,325,www.myschool.com,51m
7/13/2023 20:45,Manuel,195,www.myschool.com,110m
7/13/2023 16:46,Ava,73,www.myschool.com,116m
7/13/2023 7:31,Nevaeh,398,www.myschool.com,117m
7/13/2023 5:07,Isabel,387,www.myschool.com,67m
7/13/2023 1:12,Maya,352,www.myschool.com,15m
7/12/2023 17:40,Melanie,147,www.myschool.com,84m
7/12/2023 16:36,Caitlyn,381,www.myschool.com,17m
7/12/2023 15:34,Christian,196,www.myschool.com,109m
7/12/2023 13:10,Faith,34,www.myschool.com,83m
7/12/2023 5:12,Zachary,222,www.myschool.com,117m
7/12/2023 4:38,Jayden,107,www.myschool.com,91m
7/11/2023 17:47,Carlos,96,www.myschool.com,24m
7/10/2023 22:49,Ethan,61,www.myschool.com,119m
7/10/2023 18:59,Jack,318,www.myschool.com,11m
7/10/2023 18:12,Sebastian,64,www.myschool.com,32m
7/10/2023 8:40,Kimberly,181,www.myschool.com,3m
7/10/2023 2:51,Antonio,230,www.myschool.com,113m
7/9/2023 14:52,Noah,18,www.myschool.com,22m
7/9/2023 8:08,Cole,291,www.myschool.com,36m
7/9/2023 2:49,Kiara,400,www.myschool.com,54m
7/9/2023 2:49,Mckenzie,140,www.myschool.com,59m
7/8/2023 20:17,George,210,www.myschool.com,47m
7/8/2023 10:08,Joshua,391,www.myschool.com,29m
7/8/2023 0:53,Morgan,97,www.myschool.com,58m
7/7/2023 15:01,Katherine,108,www.myschool.com,3m
7/7/2023 0:30,Brooke,287,www.myschool.com,65m
7/6/2023 21:49,Johnathan,378,www.myschool.com,91m
7/6/2023 11:12,Isabella,320,www.myschool.com,2m
7/6/2023 10:56,Victoria,329,www.myschool.com,63m
7/6/2023 3:56,Margaret,93,www.myschool.com,115m
7/5/2023 23:17,Peyton,300,www.myschool.com,19m
7/5/2023 16:59,Marissa,370,www.myschool.com,36m
7/5/2023 15:59,Mary,9,www.myschool.com,89m
7/5/2023 11:29,Riley,293,www.myschool.com,103m
7/4/2023 15:41,Henry,307,www.myschool.com,63m
7/4/2023 13:36,Katie,94,www.myschool.com,72m
7/4/2023 10:12,Hector,85,www.myschool.com,33m
7/3/2023 23:37,Giovanni,342,www.myschool.com,118m
7/3/2023 16:06,Ava,73,www.myschool.com,89m
7/3/2023 13:07,Audrey,43,www.myschool.com,78m
7/3/2023 1:09,Kiara,400,www.myschool.com,80m
7/2/2023 20:00,Owen,314,www.myschool.com,38m
7/2/2023 19:40,Giovanni,342,www.myschool.com,46m
7/2/2023 17:35,Brody,346,www.myschool.com,110m
7/2/2023 9:12,Isaiah,82,www.myschool.com,14m
7/2/2023 3:20,Joshua,391,www.myschool.com,38m
7/1/2023 21:07,Michelle,139,www.myschool.com,39m
7/1/2023 4:08,Michael,270,www.myschool.com,82m
7/1/2023 2:03,Donovan,284,www.myschool.com,91m
6/30/2023 23:48,Genesis,353,www.myschool.com,93m
6/29/2023 22:00,Erica,92,www.myschool.com,104m
6/29/2023 17:58,Nolan,351,www.myschool.com,13m
6/29/2023 11:34,Nathaniel,278,www.myschool.com,95m
6/29/2023 0:48,Andrea,259,www.myschool.com,75m
6/28/2023 21:22,Luis,201,www.myschool.com,81m
6/28/2023 18:32,Gabriel,155,www.myschool.com,39m
6/28/2023 17:01,Savannah,343,www.myschool.com,19m
6/28/2023 10:46,Michael,270,www.myschool.com,93m
6/27/2023 22:39,Zoe,385,www.myschool.com,74m
6/27/2023 20:34,Aaron,327,www.myschool.com,61m
6/27/2023 19:13,Liliana,146,www.myschool.com,16m
6/27/2023 10:58,Alexandra,28,www.myschool.com,37m
6/27/2023 10:37,Leah,372,www.myschool.com,87m
6/27/2023 4:33,Trenton,130,www.myschool.com,47m
6/27/2023 2:34,Leah,372,www.myschool.com,94m
6/26/2023 18:23,Lindsey,65,www.myschool.com,103m
6/26/2023 11:02,Ian,315,www.myschool.com,30m
6/26/2023 6:52,Trenton,130,www.myschool.com,81m
6/26/2023 3:14,Jose,246,www.myschool.com,110m
6/26/2023 2:27,Abby,260,www.myschool.com,14m
6/26/2023 0:30,Mary,9,www.myschool.com,95m
6/26/2023 0:26,Cristian,135,www.myschool.com,52m
6/25/2023 21:39,Xavier,143,www.myschool.com,61m
6/25/2023 19:18,Peter,13,www.myschool.com,85m
6/25/2023 18:40,Caden,40,www.myschool.com,12m
6/25/2023 6:51,Juan,301,www.myschool.com,25m
6/24/2023 15:11,Isabelle,197,www.myschool.com,62m
6/24/2023 7:16,Joel,144,www.myschool.com,113m
6/23/2023 17:38,Daniel,213,www.myschool.com,101m
6/23/2023 8:45,Victoria,329,www.myschool.com,27m
6/22/2023 16:28,Elias,14,www.myschool.com,110m
6/22/2023 2:46,Destiny,22,www.myschool.com,74m
6/22/2023 0:04,Miguel,243,www.myschool.com,10m
6/22/2023 0:04,Erik,360,www.myschool.com,77m
6/21/2023 19:02,Alondra,214,www.myschool.com,109m
6/21/2023 11:04,Vincent,148,www.myschool.com,46m
6/21/2023 5:23,Eduardo,159,www.myschool.com,1m
6/21/2023 3:26,Logan,390,www.myschool.com,27m
6/20/2023 13:17,Preston,30,www.myschool.com,117m
6/20/2023 8:57,Eli,297,www.myschool.com,43m
6/20/2023 7:32,Anthony,23,www.myschool.com,85m
6/20/2023 6:46,Genesis,353,www.myschool.com,58m
6/18/2023 19:30,Kevin,8,www.myschool.com,111m
6/18/2023 16:44,Christina,54,www.myschool.com,3m
6/18/2023 16:42,Amber,119,www.myschool.com,62m
6/18/2023 11:55,Kiara,400,www.myschool.com,24m
6/18/2023 4:52,Lauren,279,www.myschool.com,47m
6/17/2023 10:01,Edward,263,www.myschool.com,61m
6/17/2023 5:04,Alicia,162,www.myschool.com,3m
6/17/2023 3:43,Nolan,351,www.myschool.com,36m
6/16/2023 16:01,Ruby,282,www.myschool.com,61m
6/16/2023 13:55,Courtney,247,www.myschool.com,118m
6/16/2023 3:19,Ella,341,www.myschool.com,25m
6/16/2023 2:41,Sergio,319,www.myschool.com,102m
6/15/2023 22:33,Cassandra,299,www.myschool.com,120m
6/15/2023 0:35,Christian,196,www.myschool.com,85m
6/14/2023 21:44,Sadie,384,www.myschool.com,114m
6/14/2023 4:18,Taylor,190,www.myschool.com,62m
6/13/2023 12:16,Tiffany,154,www.myschool.com,111m
6/13/2023 1:13,Reagan,74,www.myschool.com,61m
6/12/2023 22:34,Danielle,321,www.myschool.com,30m
6/12/2023 17:02,Antonio,230,www.myschool.com,82m
6/12/2023 16:04,Josiah,99,www.myschool.com,81m
6/12/2023 10:37,Tiffany,154,www.myschool.com,113m
6/12/2023 8:57,Taylor,190,www.myschool.com,69m
6/12/2023 6:11,Abby,260,www.myschool.com,53m
6/11/2023 23:35,Madelyn,224,www.myschool.com,85m
6/10/2023 19:03,Elijah,199,www.myschool.com,114m
6/10/2023 15:53,Courtney,247,www.myschool.com,7m
6/9/2023 23:07,Abby,260,www.myschool.com,63m
6/9/2023 18:17,Sean,337,www.myschool.com,32m
6/8/2023 17:49,Donovan,284,www.myschool.com,48m
6/8/2023 6:18,Micah,121,www.myschool.com,89m
6/8/2023 3:05,Ashton,266,www.myschool.com,22m
6/7/2023 23:50,Megan,36,www.myschool.com,10m
6/7/2023 16:13,Patrick,106,www.myschool.com,101m
6/7/2023 15:20,Delaney,344,www.myschool.com,14m
6/7/2023 7:07,Shane,267,www.myschool.com,40m
6/7/2023 4:40,Jasmin,83,www.myschool.com,43m
6/6/2023 20:29,Sierra,212,www.myschool.com,18m
6/6/2023 19:01,Cassandra,299,www.myschool.com,82m
6/6/2023 12:19,Kevin,8,www.myschool.com,71m
6/6/2023 7:40,Charlotte,232,www.myschool.com,69m
6/5/2023 19:14,Trevor,356,www.myschool.com,0m
6/5/2023 9:02,Mary,9,www.myschool.com,9m
6/5/2023 1:26,Landon,368,www.myschool.com,35m
6/4/2023 16:32,Paige,174,www.myschool.com,43m
6/4/2023 16:20,Emily,248,www.myschool.com,5m
6/4/2023 14:17,Sophie,296,www.myschool.com,11m
6/4/2023 9:10,Alexa,29,www.myschool.com,70m
6/4/2023 8:44,Amy,39,www.myschool.com,63m
6/4/2023 7:15,Seth,76,www.myschool.com,72m
6/3/2023 23:15,Jesse,358,www.myschool.com,79m
6/3/2023 14:31,Anna,310,www.myschool.com,5m
6/3/2023 14:05,Riley,293,www.myschool.com,23m
6/3/2023 12:26,Alejandro,393,www.myschool.com,8m
6/3/2023 6:02,Brady,281,www.myschool.com,14m
6/2/2023 23:33,Tiffany,154,www.myschool.com,39m
6/2/2023 22:38,Kaylee,48,www.myschool.com,99m
6/2/2023 6:34,Erick,289,www.myschool.com,56m
6/2/2023 2:42,Devin,253,www.myschool.com,7m
6/2/2023 1:26,Jonah,308,www.myschool.com,66m
6/1/2023 20:37,Evelyn,91,www.myschool.com,28m
5/31/2023 16:42,Hailey,105,www.myschool.com,62m
5/30/2023 22:18,Garrett,165,www.myschool.com,83m
5/30/2023 20:59,Andrea,259,www.myschool.com,111m
5/30/2023 18:17,Michelle,139,www.myschool.com,39m
5/29/2023 21:19,Daniel,213,www.myschool.com,56m
5/29/2023 19:49,Malachi,238,www.myschool.com,85m
5/29/2023 8:17,Alyssa,294,www.myschool.com,102m
5/29/2023 1:45,Jordan,81,www.myschool.com,38m
5/28/2023 23:24,Olivia,161,www.myschool.com,52m
5/28/2023 19:14,Jackson,109,www.myschool.com,10m
5/28/2023 7:12,Sergio,319,www.myschool.com,50m
5/27/2023 23:15,Cassandra,299,www.myschool.com,95m
5/27/2023 21:48,Joseph,209,www.myschool.com,107m
5/26/2023 14:28,Cesar,24,www.myschool.com,51m
5/26/2023 4:21,Sarah,51,www.myschool.com,106m
5/25/2023 22:44,Miguel,243,www.myschool.com,115m
5/25/2023 15:08,Conner,225,www.myschool.com,72m
5/25/2023 5:54,George,210,www.myschool.com,112m
5/24/2023 22:56,Audrey,43,www.myschool.com,101m
5/24/2023 22:32,Lucy,394,www.myschool.com,93m
5/24/2023 15:51,Braden,104,www.myschool.com,31m
5/24/2023 14:46,Jenna,383,www.myschool.com,79m
5/23/2023 21:27,Samuel,255,www.myschool.com,120m
5/23/2023 8:24,Alex,56,www.myschool.com,69m
5/23/2023 4:59,Hunter,153,www.myschool.com,96m
5/22/2023 14:45,Francisco,164,www.myschool.com,69m
5/22/2023 13:13,Jacqueline,67,www.myschool.com,28m
5/21/2023 23:06,Maya,352,www.myschool.com,116m
5/21/2023 10:51,Eric,233,www.myschool.com,60m
5/21/2023 10:41,Veronica,207,www.myschool.com,10m
5/20/2023 14:22,Abby,260,www.myschool.com,66m
5/20/2023 6:26,Emma,306,www.myschool.com,54m
5/19/2023 18:04,Parker,62,www.myschool.com,81m
5/19/2023 5:31,Landon,368,www.myschool.com,21m
5/18/2023 23:48,Breanna,98,www.myschool.com,3m
5/18/2023 19:57,Sydney,172,www.myschool.com,80m
5/18/2023 18:06,Katelyn,312,www.myschool.com,59m
5/18/2023 15:13,Marcus,251,www.myschool.com,99m
5/18/2023 10:54,Lilly,138,www.myschool.com,70m
5/18/2023 9:00,Kathryn,87,www.myschool.com,88m
5/17/2023 21:31,Peyton,300,www.myschool.com,88m
5/17/2023 20:02,Mark,292,www.myschool.com,39m
5/17/2023 18:55,Brianna,21,www.myschool.com,10m
5/17/2023 12:54,Lilly,138,www.myschool.com,68m
5/17/2023 10:35,Tyler,220,www.myschool.com,88m
5/17/2023 9:42,Abigail,1,www.myschool.com,17m
5/17/2023 1:36,Genesis,353,www.myschool.com,16m
5/16/2023 15:38,Jacob,226,www.myschool.com,96m
5/15/2023 17:54,Natalia,379,www.myschool.com,119m
5/15/2023 12:50,Sophia,357,www.myschool.com,101m
5/15/2023 1:12,Omar,185,www.myschool.com,119m
5/14/2023 16:51,Spencer,110,www.myschool.com,105m
5/14/2023 14:34,Noah,18,www.myschool.com,38m
5/13/2023 6:58,Vincent,148,www.myschool.com,76m
5/13/2023 6:34,Savannah,343,www.myschool.com,111m
5/13/2023 4:44,Gavin,330,www.myschool.com,45m
5/13/2023 2:22,Summer,89,www.myschool.com,113m
5/12/2023 19:51,Christina,54,www.myschool.com,39m
5/12/2023 17:53,Ariana,231,www.myschool.com,36m
5/12/2023 13:56,Isaiah,82,www.myschool.com,65m
5/12/2023 13:41,Mckenzie,140,www.myschool.com,46m
5/12/2023 13:25,Breanna,98,www.myschool.com,29m
5/12/2023 11:26,Derek,25,www.myschool.com,93m
5/12/2023 7:39,Claire,252,www.myschool.com,45m
5/12/2023 7:06,Vanessa,305,www.myschool.com,120m
5/11/2023 23:41,Abby,260,www.myschool.com,32m
5/11/2023 18:00,Raymond,219,www.myschool.com,20m
5/11/2023 13:04,Katherine,108,www.myschool.com,50m
5/11/2023 3:30,Vanessa,305,www.myschool.com,77m
5/10/2023 23:54,Layla,365,www.myschool.com,52m
5/10/2023 17:11,Christian,196,www.myschool.com,20m
5/9/2023 18:35,Braden,104,www.myschool.com,30m
5/9/2023 18:29,Amanda,32,www.myschool.com,70m
5/9/2023 18:28,Paige,174,www.myschool.com,49m
5/9/2023 18:14,Ryan,218,www.myschool.com,103m
5/9/2023 8:43,Morgan,97,www.myschool.com,78m
5/9/2023 6:24,Brody,346,www.myschool.com,93m
5/9/2023 1:10,Bryce,205,www.myschool.com,65m
5/8/2023 22:01,Erica,92,www.myschool.com,77m
5/8/2023 20:50,Alexis,111,www.myschool.com,47m
5/8/2023 0:21,Courtney,247,www.myschool.com,21m
5/7/2023 13:17,Mackenzie,347,www.myschool.com,24m
5/7/2023 10:07,Liliana,146,www.myschool.com,43m
5/7/2023 5:21,Alexis,111,www.myschool.com,73m
5/7/2023 1:35,Savannah,343,www.myschool.com,56m
5/7/2023 1:05,Maria,184,www.myschool.com,73m
5/6/2023 15:04,Jeremiah,382,www.myschool.com,19m
5/6/2023 10:54,Nathan,371,www.myschool.com,17m
5/6/2023 9:15,Josiah,99,www.myschool.com,29m
5/5/2023 23:05,Aidan,235,www.myschool.com,22m
5/5/2023 11:05,Karina,348,www.myschool.com,35m
5/5/2023 0:08,Malachi,238,www.myschool.com,84m
5/4/2023 20:04,Katelyn,312,www.myschool.com,31m
5/4/2023 19:28,Summer,89,www.myschool.com,46m
5/4/2023 15:45,Colin,283,www.myschool.com,9m
5/4/2023 10:59,Colton,234,www.myschool.com,18m
5/4/2023 2:17,Allison,192,www.myschool.com,82m
5/4/2023 0:33,Oliver,16,www.myschool.com,65m
5/3/2023 12:25,Jared,84,www.myschool.com,58m
5/3/2023 11:32,Jasmine,141,www.myschool.com,3m
5/3/2023 10:43,Audrey,43,www.myschool.com,98m
5/3/2023 10:14,Leslie,136,www.myschool.com,40m
5/3/2023 7:35,Gabrielle,114,www.myschool.com,49m
5/3/2023 1:41,Angel,20,www.myschool.com,26m
5/2/2023 16:54,Hayden,336,www.myschool.com,104m
5/2/2023 5:15,Faith,34,www.myschool.com,41m
5/1/2023 13:06,Xavier,143,www.myschool.com,35m
5/1/2023 7:22,Jose,246,www.myschool.com,4m
5/1/2023 2:03,Samantha,193,www.myschool.com,110m
4/30/2023 14:21,Zachary,222,www.myschool.com,75m
4/30/2023 11:17,Alyssa,294,www.myschool.com,116m
4/30/2023 8:34,Levi,386,www.myschool.com,101m
4/30/2023 7:20,Mya,269,www.myschool.com,61m
4/30/2023 6:52,Jeremy,257,www.myschool.com,83m
4/29/2023 17:37,Kevin,8,www.myschool.com,9m
4/29/2023 3:18,Brooke,287,www.myschool.com,94m
4/29/2023 2:00,Kenneth,183,www.myschool.com,48m
4/28/2023 22:27,Alan,131,www.myschool.com,120m
4/28/2023 18:02,Brady,281,www.myschool.com,34m
4/28/2023 5:29,Rachel,286,www.myschool.com,65m
4/27/2023 23:48,Isaiah,82,www.myschool.com,90m
4/27/2023 21:53,Colton,234,www.myschool.com,10m
4/27/2023 15:34,Angel,20,www.myschool.com,18m
4/27/2023 13:39,Liliana,146,www.myschool.com,31m
4/27/2023 11:25,Katherine,108,www.myschool.com,101m
4/27/2023 10:53,Briana,249,www.myschool.com,116m
4/27/2023 6:17,Kiara,400,www.myschool.com,61m
4/26/2023 20:17,Jasmin,83,www.myschool.com,96m
4/26/2023 9:14,Sergio,319,www.myschool.com,7m
4/25/2023 22:53,Abigail,1,www.myschool.com,23m
4/25/2023 21:16,Devin,253,www.myschool.com,61m
4/25/2023 21:09,Ashton,266,www.myschool.com,38m
4/25/2023 16:17,Sara,245,www.myschool.com,73m
4/25/2023 13:00,Amanda,32,www.myschool.com,73m
4/25/2023 4:24,Noah,18,www.myschool.com,81m
4/24/2023 21:29,Richard,163,www.myschool.com,58m
4/24/2023 7:18,Carlos,96,www.myschool.com,105m
4/24/2023 6:54,Edward,263,www.myschool.com,28m
4/24/2023 3:31,Kendall,262,www.myschool.com,32m
4/23/2023 8:45,Steven,152,www.myschool.com,36m
4/23/2023 3:50,Peyton,300,www.myschool.com,5m
4/23/2023 1:50,Nevaeh,398,www.myschool.com,107m
4/23/2023 1:35,Amy,39,www.myschool.com,23m
4/22/2023 22:57,Luke,177,www.myschool.com,120m
4/22/2023 21:25,Giovanni,342,www.myschool.com,115m
4/22/2023 18:16,Oscar,265,www.myschool.com,59m
4/22/2023 16:23,Alexandria,328,www.myschool.com,75m
4/22/2023 14:37,Vincent,148,www.myschool.com,6m
4/22/2023 11:45,Alexia,187,www.myschool.com,67m
4/22/2023 11:01,Owen,314,www.myschool.com,34m
4/22/2023 9:30,Jillian,399,www.myschool.com,85m
4/22/2023 6:03,Leslie,136,www.myschool.com,118m
4/22/2023 6:03,Caden,40,www.myschool.com,118m
4/22/2023 0:06,Zoe,385,www.myschool.com,61m
4/21/2023 23:09,Noah,18,www.myschool.com,29m
4/21/2023 21:33,Shelby,3,www.myschool.com,105m
4/21/2023 18:52,Juliana,53,www.myschool.com,67m
4/21/2023 16:09,Robert,221,www.myschool.com,19m
4/21/2023 16:05,Cassidy,254,www.myschool.com,102m
4/21/2023 15:59,Peyton,101,www.myschool.com,106m
4/21/2023 12:46,Colin,283,www.myschool.com,36m
4/21/2023 8:23,Ashton,266,www.myschool.com,71m
4/20/2023 23:47,Olivia,161,www.myschool.com,66m
4/20/2023 3:35,Cooper,194,www.myschool.com,88m
4/19/2023 21:28,Sarah,51,www.myschool.com,33m
4/19/2023 14:21,Edgar,203,www.myschool.com,41m
4/19/2023 12:27,Colby,176,www.myschool.com,113m
4/19/2023 7:11,Madelyn,224,www.myschool.com,116m
4/19/2023 6:39,Miranda,179,www.myschool.com,12m
4/18/2023 20:46,Kevin,8,www.myschool.com,50m
4/18/2023 11:06,John,12,www.myschool.com,103m
4/18/2023 9:45,Abraham,228,www.myschool.com,81m
4/18/2023 4:05,Tristan,88,www.myschool.com,84m
4/17/2023 15:17,Steven,152,www.myschool.com,24m
4/17/2023 14:02,Summer,89,www.myschool.com,35m
4/17/2023 0:21,Giselle,132,www.myschool.com,90m
4/16/2023 23:22,Wyatt,168,www.myschool.com,112m
4/16/2023 7:37,Danielle,321,www.myschool.com,87m
4/16/2023 0:30,Adam,133,www.myschool.com,108m
4/15/2023 18:25,Briana,249,www.myschool.com,111m
4/15/2023 10:54,Kelsey,77,www.myschool.com,64m
4/15/2023 2:54,Miranda,179,www.myschool.com,39m
4/15/2023 2:33,Ayden,35,www.myschool.com,75m
4/15/2023 1:40,James,49,www.myschool.com,16m
4/15/2023 1:27,Hannah,362,www.myschool.com,84m
4/14/2023 0:15,Sophia,357,www.myschool.com,53m
4/13/2023 19:22,Jeremiah,382,www.myschool.com,85m
4/13/2023 12:10,Danielle,321,www.myschool.com,89m
4/13/2023 8:21,Sabrina,325,www.myschool.com,2m
4/12/2023 21:07,Elizabeth,46,www.myschool.com,40m
4/12/2023 20:10,Alexandra,28,www.myschool.com,98m
4/12/2023 18:53,Makenzie,349,www.myschool.com,73m
4/12/2023 5:57,Johnathan,378,www.myschool.com,13m
4/11/2023 23:49,Mario,227,www.myschool.com,42m
4/11/2023 18:29,Mckenzie,140,www.myschool.com,4m
4/11/2023 13:20,Evelyn,91,www.myschool.com,14m
4/11/2023 6:25,Kennedy,211,www.myschool.com,13m
4/11/2023 5:21,Makayla,157,www.myschool.com,112m
4/10/2023 23:47,Nicholas,359,www.myschool.com,39m
4/10/2023 18:18,Kylie,189,www.myschool.com,33m
4/10/2023 1:19,Brayden,200,www.myschool.com,58m
4/10/2023 0:14,Zachary,222,www.myschool.com,60m
4/9/2023 22:15,Chelsea,392,www.myschool.com,21m
4/9/2023 19:42,Dalton,45,www.myschool.com,96m
4/9/2023 14:12,Tanner,170,www.myschool.com,112m
4/9/2023 14:05,Breanna,98,www.myschool.com,114m
4/9/2023 11:58,Peter,13,www.myschool.com,32m
4/9/2023 3:43,Aaron,327,www.myschool.com,57m
4/8/2023 18:48,Cody,6,www.myschool.com,79m
4/8/2023 10:57,Eli,297,www.myschool.com,25m
4/8/2023 10:45,Brian,331,www.myschool.com,56m
4/8/2023 7:05,Jesus,15,www.myschool.com,24m
4/8/2023 3:30,Kelly,350,www.myschool.com,98m
4/8/2023 2:17,Jonah,308,www.myschool.com,59m
4/7/2023 23:08,Brady,281,www.myschool.com,65m
4/7/2023 16:27,Jennifer,275,www.myschool.com,86m
4/7/2023 10:56,Madison,38,www.myschool.com,100m
4/7/2023 3:53,Edwin,41,www.myschool.com,47m
4/7/2023 2:30,Sofia,150,www.myschool.com,114m
4/6/2023 22:38,Veronica,207,www.myschool.com,95m
4/6/2023 19:47,Spencer,110,www.myschool.com,13m
4/6/2023 11:34,Peyton,300,www.myschool.com,61m
4/6/2023 6:05,Karina,348,www.myschool.com,39m
4/6/2023 2:00,Hailey,105,www.myschool.com,23m
4/5/2023 9:50,Amanda,32,www.myschool.com,28m
4/4/2023 21:55,Andres,317,www.myschool.com,71m
4/4/2023 14:46,Alyssa,294,www.myschool.com,97m
4/4/2023 11:49,Jennifer,275,www.myschool.com,64m
4/4/2023 10:55,Kaitlyn,72,www.myschool.com,7m
4/3/2023 17:05,Shelby,3,www.myschool.com,92m
4/3/2023 13:21,Logan,390,www.myschool.com,35m
4/3/2023 12:41,Megan,36,www.myschool.com,103m
4/3/2023 7:25,Ruby,282,www.myschool.com,51m
4/2/2023 22:09,Timothy,206,www.myschool.com,26m
4/2/2023 13:57,Morgan,97,www.myschool.com,91m
4/2/2023 12:10,Sierra,212,www.myschool.com,15m
4/2/2023 4:42,Tiffany,154,www.myschool.com,19m
4/1/2023 19:37,Reagan,74,www.myschool.com,21m
4/1/2023 12:44,Briana,249,www.myschool.com,48m
4/1/2023 9:41,Sabrina,325,www.myschool.com,80m
4/1/2023 9:32,Faith,34,www.myschool.com,68m
4/1/2023 6:35,Autumn,188,www.myschool.com,32m
4/1/2023 5:47,Victoria,329,www.myschool.com,75m
3/31/2023 23:55,Damian,242,www.myschool.com,4m
3/31/2023 20:06,Maya,352,www.myschool.com,95m
3/31/2023 17:43,Emmanuel,123,www.myschool.com,79m
3/31/2023 16:25,Jessica,295,www.myschool.com,59m
3/31/2023 10:26,Brittany,102,www.myschool.com,76m
3/31/2023 8:45,Claire,252,www.myschool.com,88m
3/30/2023 14:06,Shawn,27,www.myschool.com,38m
3/30/2023 8:38,Zachary,222,www.myschool.com,65m
3/30/2023 5:35,Tyler,220,www.myschool.com,31m
3/30/2023 2:55,Christina,54,www.myschool.com,20m
3/29/2023 23:22,Nolan,351,www.myschool.com,28m
3/29/2023 23:05,Vanessa,305,www.myschool.com,81m
3/29/2023 12:48,Joseph,209,www.myschool.com,97m
3/29/2023 9:55,Anna,310,www.myschool.com,65m
3/29/2023 5:57,Avery,151,www.myschool.com,13m
3/29/2023 2:16,Isabelle,197,www.myschool.com,108m
3/28/2023 21:23,Sean,337,www.myschool.com,11m
3/28/2023 17:57,Braden,104,www.myschool.com,61m
3/28/2023 13:58,George,210,www.myschool.com,65m
3/28/2023 5:21,Trinity,171,www.myschool.com,19m
3/28/2023 5:15,Henry,307,www.myschool.com,21m
3/27/2023 23:02,Peyton,300,www.myschool.com,63m
3/27/2023 14:07,Kylie,189,www.myschool.com,119m
3/27/2023 3:56,Jasmine,141,www.myschool.com,88m
3/27/2023 1:16,Gabriel,155,www.myschool.com,49m
3/27/2023 1:12,Taylor,190,www.myschool.com,76m
3/26/2023 22:42,Breanna,98,www.myschool.com,76m
3/26/2023 22:40,Edwin,41,www.myschool.com,31m
3/26/2023 22:15,Damian,242,www.myschool.com,66m
3/25/2023 17:24,Mark,292,www.myschool.com,9m
3/25/2023 3:00,Gianna,31,www.myschool.com,20m
3/24/2023 15:38,Alex,56,www.myschool.com,53m
3/24/2023 15:26,Wesley,229,www.myschool.com,51m
3/24/2023 8:53,Spencer,110,www.myschool.com,108m
3/23/2023 21:22,Jonah,308,www.myschool.com,77m
3/23/2023 15:20,Ashley,173,www.myschool.com,11m
3/23/2023 8:43,Wesley,229,www.myschool.com,32m
3/23/2023 7:53,Gage,69,www.myschool.com,67m
3/23/2023 4:09,Giovanni,342,www.myschool.com,38m
3/22/2023 14:08,Gabriel,155,www.myschool.com,41m
3/21/2023 21:09,George,210,www.myschool.com,74m
3/21/2023 18:59,Jonathan,273,www.myschool.com,11m
3/21/2023 13:18,Aaron,327,www.myschool.com,8m
3/21/2023 4:38,Jayden,107,www.myschool.com,13m
3/20/2023 20:19,Patrick,106,www.myschool.com,101m
3/20/2023 16:55,Sarah,51,www.myschool.com,42m
3/20/2023 13:31,Gracie,223,www.myschool.com,93m
3/19/2023 22:30,Ava,73,www.myschool.com,57m
3/19/2023 18:23,Avery,151,www.myschool.com,15m
3/19/2023 7:03,Stephen,258,www.myschool.com,14m
3/19/2023 4:19,Adrian,236,www.myschool.com,27m
3/18/2023 21:18,Sofia,150,www.myschool.com,112m
3/18/2023 6:36,Sierra,212,www.myschool.com,1m
3/18/2023 0:01,Sara,245,www.myschool.com,110m
3/17/2023 20:43,Sergio,319,www.myschool.com,65m
3/16/2023 21:20,Alexandria,328,www.myschool.com,28m
3/16/2023 19:49,Owen,314,www.myschool.com,76m
3/15/2023 22:44,Anna,310,www.myschool.com,64m
3/15/2023 13:58,Emmanuel,123,www.myschool.com,1m
3/15/2023 12:04,Jose,246,www.myschool.com,94m
3/15/2023 9:28,Mckenzie,140,www.myschool.com,30m
3/15/2023 1:00,Dylan,55,www.myschool.com,93m
3/15/2023 0:41,Malachi,238,www.myschool.com,101m
3/14/2023 23:17,Karen,250,www.myschool.com,61m
3/14/2023 2:05,Alexis,78,www.myschool.com,42m
3/13/2023 20:35,Paige,174,www.myschool.com,106m
3/13/2023 20:34,Gregory,7,www.myschool.com,96m
3/13/2023 19:47,Carlos,96,www.myschool.com,100m
3/13/2023 6:41,John,12,www.myschool.com,82m
3/12/2023 15:30,Henry,307,www.myschool.com,58m
3/12/2023 9:56,Daniel,213,www.myschool.com,50m
3/11/2023 22:31,Mckenzie,140,www.myschool.com,83m
3/11/2023 20:44,James,49,www.myschool.com,93m
3/11/2023 13:53,Eva,75,www.myschool.com,15m
3/11/2023 9:01,Aaliyah,215,www.myschool.com,106m
3/11/2023 8:52,Cole,291,www.myschool.com,67m
3/10/2023 21:37,Landon,368,www.myschool.com,68m
3/10/2023 20:47,Leslie,136,www.myschool.com,4m
3/10/2023 14:25,Anthony,23,www.myschool.com,117m
3/10/2023 2:45,William,239,www.myschool.com,31m
3/9/2023 15:23,Collin,396,www.myschool.com,51m
3/9/2023 13:28,Lucas,202,www.myschool.com,40m
3/9/2023 6:24,George,210,www.myschool.com,69m
3/9/2023 5:37,Michelle,139,www.myschool.com,34m
3/9/2023 4:59,Sierra,212,www.myschool.com,113m
3/8/2023 18:59,Ruby,282,www.myschool.com,100m
3/8/2023 16:35,Henry,307,www.myschool.com,50m
3/8/2023 15:00,Erica,92,www.myschool.com,17m
3/8/2023 14:33,Lydia,335,www.myschool.com,13m
3/7/2023 23:08,Victoria,329,www.myschool.com,54m
3/7/2023 18:20,Erica,92,www.myschool.com,17m
3/7/2023 15:12,Edwin,41,www.myschool.com,18m
3/7/2023 14:07,Kate,186,www.myschool.com,103m
3/7/2023 1:42,Malachi,238,www.myschool.com,38m
3/6/2023 21:02,Jocelyn,377,www.myschool.com,59m
3/6/2023 19:52,Liliana,146,www.myschool.com,89m
3/6/2023 19:21,Erin,354,www.myschool.com,8m
3/6/2023 16:36,George,210,www.myschool.com,17m
3/6/2023 13:38,Manuel,195,www.myschool.com,110m
3/6/2023 10:23,Jalen,134,www.myschool.com,79m
3/5/2023 22:10,Daisy,395,www.myschool.com,22m
3/5/2023 17:26,Sophie,296,www.myschool.com,8m
3/5/2023 16:09,Eduardo,159,www.myschool.com,117m
3/5/2023 15:39,Sofia,150,www.myschool.com,117m
3/5/2023 14:33,Anna,310,www.myschool.com,42m
3/5/2023 9:58,Hector,85,www.myschool.com,32m
3/5/2023 8:21,Mark,292,www.myschool.com,57m
3/3/2023 23:43,Jaden,303,www.myschool.com,105m
3/3/2023 18:20,Avery,151,www.myschool.com,108m
3/3/2023 16:53,Riley,293,www.myschool.com,49m
3/3/2023 15:46,Ayden,35,www.myschool.com,112m
3/3/2023 15:04,Trinity,171,www.myschool.com,26m
3/3/2023 7:14,Tyler,220,www.myschool.com,60m
3/3/2023 5:25,Ashton,266,www.myschool.com,109m
3/1/2023 19:47,Maxwell,86,www.myschool.com,42m
3/1/2023 11:18,Cameron,366,www.myschool.com,8m
2/28/2023 21:20,Peyton,101,www.myschool.com,117m
2/28/2023 14:07,Samuel,255,www.myschool.com,1m
2/27/2023 17:55,Tristan,88,www.myschool.com,25m
2/27/2023 9:32,Jordan,81,www.myschool.com,13m
2/27/2023 2:48,Raymond,219,www.myschool.com,4m
2/26/2023 20:56,Hailey,105,www.myschool.com,114m
2/26/2023 1:06,Edwin,41,www.myschool.com,113m
2/25/2023 10:48,Chelsea,392,www.myschool.com,0m
2/25/2023 8:02,Jayla,333,www.myschool.com,34m
2/24/2023 16:09,Natalie,180,www.myschool.com,109m
2/24/2023 1:35,Stephanie,241,www.myschool.com,118m
2/23/2023 23:18,Xavier,143,www.myschool.com,21m
2/23/2023 13:54,Zoey,100,www.myschool.com,37m
2/23/2023 7:54,Avery,151,www.myschool.com,114m
2/23/2023 7:15,Liliana,146,www.myschool.com,45m
2/23/2023 1:43,Ella,341,www.myschool.com,9m
2/22/2023 17:25,Jada,271,www.myschool.com,10m
2/22/2023 16:09,Charles,71,www.myschool.com,61m
2/21/2023 18:27,Erin,354,www.myschool.com,62m
2/21/2023 18:12,Joseph,209,www.myschool.com,27m
2/21/2023 1:21,Brittany,102,www.myschool.com,43m
2/20/2023 22:28,Thomas,90,www.myschool.com,119m
2/20/2023 14:30,Joseph,209,www.myschool.com,92m
2/20/2023 12:25,Caitlyn,381,www.myschool.com,117m
2/20/2023 7:57,Tristan,88,www.myschool.com,87m
2/20/2023 6:23,Brody,346,www.myschool.com,69m
2/20/2023 4:30,Addison,103,www.myschool.com,105m
2/19/2023 23:19,Andres,317,www.myschool.com,17m
2/19/2023 17:33,Cesar,24,www.myschool.com,95m
2/19/2023 14:41,Ayden,35,www.myschool.com,53m
2/19/2023 12:11,Layla,365,www.myschool.com,88m
2/19/2023 11:07,Lucy,394,www.myschool.com,9m
2/18/2023 23:25,George,210,www.myschool.com,118m
2/18/2023 18:07,Edgar,203,www.myschool.com,5m
2/18/2023 14:55,Javier,364,www.myschool.com,8m
2/18/2023 10:35,Jennifer,275,www.myschool.com,102m
2/18/2023 5:59,Braden,104,www.myschool.com,80m
2/18/2023 4:45,Karen,250,www.myschool.com,94m
2/17/2023 22:56,Arianna,122,www.myschool.com,82m
2/17/2023 12:27,Madison,38,www.myschool.com,118m
2/17/2023 11:55,Chelsea,392,www.myschool.com,80m
2/17/2023 11:42,Angel,240,www.myschool.com,108m
2/16/2023 21:04,Adrian,236,www.myschool.com,69m
2/16/2023 15:56,Gage,69,www.myschool.com,10m
2/16/2023 10:10,Emma,306,www.myschool.com,71m
2/16/2023 6:52,Kylie,189,www.myschool.com,9m
2/15/2023 22:55,Derek,25,www.myschool.com,66m
2/15/2023 22:42,Jillian,399,www.myschool.com,47m
2/15/2023 21:08,Hope,264,www.myschool.com,100m
2/15/2023 16:45,Kyle,42,www.myschool.com,107m
2/15/2023 15:24,Ayden,35,www.myschool.com,76m
2/15/2023 0:38,Sean,337,www.myschool.com,14m
2/14/2023 17:02,Arianna,122,www.myschool.com,77m
2/14/2023 14:39,Kiara,400,www.myschool.com,93m
2/14/2023 11:18,Nicholas,359,www.myschool.com,93m
2/14/2023 4:07,Parker,62,www.myschool.com,35m
2/14/2023 3:56,Alyssa,294,www.myschool.com,34m
2/14/2023 0:42,Maxwell,86,www.myschool.com,86m
2/13/2023 16:22,Aaliyah,215,www.myschool.com,116m
2/13/2023 12:36,Jonah,308,www.myschool.com,52m
2/13/2023 9:45,Micah,121,www.myschool.com,94m
2/13/2023 3:17,Samantha,193,www.myschool.com,42m
2/12/2023 23:30,Zoe,385,www.myschool.com,102m
2/12/2023 14:09,Isabel,387,www.myschool.com,118m
2/12/2023 13:22,Isabelle,197,www.myschool.com,115m
2/11/2023 19:38,Brittany,102,www.myschool.com,26m
2/11/2023 19:15,Abigail,1,www.myschool.com,51m
2/11/2023 14:44,Miguel,243,www.myschool.com,61m
2/11/2023 13:31,Kayla,340,www.myschool.com,17m
2/11/2023 12:20,Danielle,321,www.myschool.com,106m
2/11/2023 11:45,Angel,20,www.myschool.com,112m
2/11/2023 10:03,Preston,30,www.myschool.com,22m
2/11/2023 4:07,Natalia,379,www.myschool.com,117m
2/11/2023 1:40,Alejandro,393,www.myschool.com,52m
2/10/2023 22:32,Ashley,173,www.myschool.com,83m
2/10/2023 19:32,Jack,318,www.myschool.com,89m
2/10/2023 3:35,Aaliyah,215,www.myschool.com,6m
2/9/2023 10:22,Samuel,255,www.myschool.com,78m
2/9/2023 3:48,Kaden,44,www.myschool.com,45m
2/8/2023 15:34,Jared,84,www.myschool.com,109m
2/8/2023 10:36,Kaden,44,www.myschool.com,91m
2/7/2023 23:35,Aidan,235,www.myschool.com,98m
2/7/2023 19:48,Jayla,333,www.myschool.com,29m
2/7/2023 18:17,Daisy,395,www.myschool.com,47m
2/7/2023 16:56,Kennedy,211,www.myschool.com,41m
2/7/2023 12:52,Eli,297,www.myschool.com,97m
2/7/2023 4:38,Peyton,101,www.myschool.com,103m
2/7/2023 1:02,Mario,227,www.myschool.com,69m
2/6/2023 23:32,Emily,248,www.myschool.com,6m
2/6/2023 15:30,Lucas,202,www.myschool.com,68m
2/6/2023 10:18,Gage,69,www.myschool.com,1m
2/6/2023 7:17,Jordyn,124,www.myschool.com,70m
2/6/2023 2:28,Nathaniel,278,www.myschool.com,52m
2/5/2023 12:54,Marissa,370,www.myschool.com,70m
2/5/2023 1:55,Alexis,78,www.myschool.com,50m
2/4/2023 23:06,Ashton,266,www.myschool.com,17m
2/4/2023 16:08,Parker,62,www.myschool.com,41m
2/4/2023 8:35,Valerie,355,www.myschool.com,40m
2/4/2023 6:53,Taylor,190,www.myschool.com,116m
2/4/2023 5:24,Max,338,www.myschool.com,92m
2/4/2023 5:02,Vincent,148,www.myschool.com,44m
2/3/2023 14:27,Abby,260,www.myschool.com,59m
2/3/2023 11:51,Hayden,336,www.myschool.com,2m
2/3/2023 10:47,Dalton,45,www.myschool.com,26m
2/3/2023 3:12,Fernando,216,www.myschool.com,85m
2/3/2023 1:09,Stephen,258,www.myschool.com,10m
2/3/2023 0:39,Liam,158,www.myschool.com,77m
2/2/2023 22:27,Christopher,58,www.myschool.com,56m
2/2/2023 7:57,Erica,92,www.myschool.com,31m
2/2/2023 6:49,Jayla,333,www.myschool.com,49m
2/2/2023 1:12,Jeffrey,388,www.myschool.com,70m
2/1/2023 10:25,Taylor,190,www.myschool.com,101m
1/31/2023 23:03,Summer,89,www.myschool.com,88m
1/31/2023 22:45,Eric,233,www.myschool.com,84m
1/31/2023 17:11,Angelica,272,www.myschool.com,75m
1/31/2023 16:48,Ruby,282,www.myschool.com,110m
1/31/2023 12:05,Kaylee,48,www.myschool.com,39m
1/31/2023 11:32,Colby,176,www.myschool.com,21m
1/31/2023 9:17,Angelica,272,www.myschool.com,74m
1/30/2023 17:00,Adam,133,www.myschool.com,86m
1/30/2023 16:01,Sydney,172,www.myschool.com,60m
1/30/2023 12:04,Henry,307,www.myschool.com,17m
1/30/2023 9:32,Faith,34,www.myschool.com,6m
1/30/2023 6:53,Isaac,178,www.myschool.com,0m
1/30/2023 3:47,Kaden,44,www.myschool.com,110m
1/29/2023 11:44,Elizabeth,46,www.myschool.com,75m
1/29/2023 11:33,Mark,292,www.myschool.com,84m
1/29/2023 8:43,Francisco,164,www.myschool.com,7m
1/29/2023 6:18,Luke,177,www.myschool.com,28m
1/29/2023 3:12,Mya,269,www.myschool.com,95m
1/29/2023 1:57,Christina,54,www.myschool.com,15m
1/28/2023 23:28,Carter,324,www.myschool.com,72m
1/28/2023 17:26,Spencer,110,www.myschool.com,17m
1/28/2023 6:10,Abraham,228,www.myschool.com,112m
1/28/2023 2:05,Taylor,190,www.myschool.com,105m
1/27/2023 11:53,Steven,152,www.myschool.com,43m
1/27/2023 7:01,Parker,62,www.myschool.com,49m
1/26/2023 21:07,Gracie,223,www.myschool.com,18m
1/26/2023 10:38,Brandon,316,www.myschool.com,108m
1/26/2023 8:59,Alex,56,www.myschool.com,103m
1/26/2023 5:36,Brooke,287,www.myschool.com,19m
1/25/2023 21:04,Bianca,128,www.myschool.com,19m
1/25/2023 14:53,Justin,375,www.myschool.com,50m
1/25/2023 12:47,Justin,375,www.myschool.com,58m
1/25/2023 5:01,Wyatt,168,www.myschool.com,83m
1/24/2023 22:01,Erick,289,www.myschool.com,118m
1/24/2023 20:28,Camila,113,www.myschool.com,36m
1/24/2023 12:10,Autumn,188,www.myschool.com,68m
1/23/2023 13:09,Miranda,179,www.myschool.com,118m
1/23/2023 8:29,Wesley,229,www.myschool.com,119m
1/23/2023 2:04,Jessica,295,www.myschool.com,43m
1/22/2023 5:58,Autumn,188,www.myschool.com,38m
1/22/2023 4:08,Zachary,222,www.myschool.com,21m
1/21/2023 16:03,Mason,129,www.myschool.com,9m
1/21/2023 11:30,Cooper,194,www.myschool.com,30m
1/21/2023 7:05,Robert,221,www.myschool.com,3m
1/20/2023 16:25,Lucy,394,www.myschool.com,44m
1/20/2023 10:15,Jenna,383,www.myschool.com,34m
1/20/2023 5:26,Jordyn,124,www.myschool.com,44m
1/20/2023 4:28,Madeline,68,www.myschool.com,0m
1/19/2023 22:24,Ethan,61,www.myschool.com,92m
1/19/2023 20:45,Joshua,391,www.myschool.com,96m
1/19/2023 18:47,Autumn,188,www.myschool.com,95m
1/19/2023 16:02,Autumn,188,www.myschool.com,6m
1/18/2023 17:14,Anna,310,www.myschool.com,4m
1/18/2023 1:19,Parker,62,www.myschool.com,74m
1/17/2023 23:32,Diego,149,www.myschool.com,64m
1/17/2023 22:38,Riley,339,www.myschool.com,82m
1/17/2023 16:23,Jake,311,www.myschool.com,32m
1/17/2023 6:39,Emmanuel,123,www.myschool.com,31m
1/17/2023 6:00,Mikayla,276,www.myschool.com,74m
1/17/2023 5:28,Jacob,226,www.myschool.com,13m
1/17/2023 2:31,Shane,267,www.myschool.com,111m
1/16/2023 23:01,Sebastian,64,www.myschool.com,67m
1/16/2023 9:11,Emma,306,www.myschool.com,29m
1/16/2023 5:10,Gabriel,155,www.myschool.com,23m
1/16/2023 1:13,Bradley,37,www.myschool.com,119m
1/15/2023 8:33,Melissa,373,www.myschool.com,95m
1/15/2023 2:12,Brooke,287,www.myschool.com,50m
1/15/2023 0:13,Margaret,93,www.myschool.com,27m
1/14/2023 23:22,Sarah,51,www.myschool.com,99m
1/14/2023 18:54,Alexia,187,www.myschool.com,50m
1/14/2023 18:53,Christopher,58,www.myschool.com,105m
1/14/2023 16:49,Jordan,389,www.myschool.com,12m
1/14/2023 12:54,Collin,396,www.myschool.com,110m
1/13/2023 21:33,Skylar,19,www.myschool.com,1m
1/13/2023 13:16,Ricardo,17,www.myschool.com,6m
1/13/2023 3:17,Marcus,251,www.myschool.com,108m
1/12/2023 14:05,Kiara,400,www.myschool.com,87m
1/12/2023 7:51,Diana,11,www.myschool.com,114m
1/12/2023 5:37,Aubrey,126,www.myschool.com,10m
1/12/2023 4:09,Kendall,262,www.myschool.com,17m
1/12/2023 4:04,Leah,372,www.myschool.com,38m
1/12/2023 0:54,Bryce,205,www.myschool.com,77m
1/11/2023 23:45,Wesley,229,www.myschool.com,24m
1/10/2023 21:33,Cesar,24,www.myschool.com,3m
1/10/2023 5:56,Gracie,223,www.myschool.com,34m
1/10/2023 4:02,Amelia,63,www.myschool.com,24m
1/9/2023 22:36,Preston,30,www.myschool.com,31m
1/9/2023 19:31,Daniel,213,www.myschool.com,15m
1/9/2023 16:37,Victor,288,www.myschool.com,86m
1/9/2023 15:46,Claire,252,www.myschool.com,73m
1/9/2023 14:45,Kelly,350,www.myschool.com,23m
1/9/2023 8:26,Sofia,150,www.myschool.com,56m
1/9/2023 4:26,Giselle,132,www.myschool.com,89m
1/8/2023 23:54,Seth,76,www.myschool.com,34m
1/8/2023 18:57,Nicolas,237,www.myschool.com,74m
1/8/2023 4:48,Preston,30,www.myschool.com,96m
1/7/2023 23:52,Katherine,108,www.myschool.com,47m
1/7/2023 15:07,Eva,75,www.myschool.com,105m
1/7/2023 13:12,Nathaniel,278,www.myschool.com,66m
1/7/2023 7:21,Caroline,70,www.myschool.com,12m
1/7/2023 2:30,Peter,13,www.myschool.com,4m
1/7/2023 1:37,Jesus,15,www.myschool.com,47m
1/7/2023 0:46,Braden,104,www.myschool.com,27m
1/6/2023 21:31,Shawn,27,www.myschool.com,95m
1/6/2023 19:06,Rachel,286,www.myschool.com,22m
1/6/2023 18:06,Alondra,214,www.myschool.com,27m
1/6/2023 6:36,Kiara,400,www.myschool.com,32m
1/5/2023 22:42,Alan,131,www.myschool.com,51m
1/5/2023 16:52,Naomi,374,www.myschool.com,18m
1/4/2023 3:57,Jake,311,www.myschool.com,18m
1/4/2023 1:17,Mackenzie,347,www.myschool.com,56m
1/4/2023 0:10,Adam,133,www.myschool.com,49m
1/3/2023 22:49,Grant,57,www.myschool.com,41m
1/3/2023 19:01,Josiah,99,www.myschool.com,51m
1/3/2023 9:11,Luke,177,www.myschool.com,59m
1/3/2023 2:36,Jorge,145,www.myschool.com,45m
1/2/2023 21:05,Angel,240,www.myschool.com,80m
1/2/2023 13:14,Jonathan,273,www.myschool.com,21m
1/2/2023 7:30,Katie,94,www.myschool.com,72m
1/2/2023 2:01,Brandon,316,www.myschool.com,79m
1/2/2023 0:21,Hayden,336,www.myschool.com,102m
1/1/2023 22:15,Max,338,www.myschool.com,48m
1/1/2023 14:25,Dalton,45,www.myschool.com,89m
1/1/2023 10:42,Trevor,356,www.myschool.com,48m
1/1/2023 5:58,Katie,94,www.myschool.com,0m
1/1/2023 1:39,Claire,252,www.myschool.com,4m
1/1/2023 0:35,George,210,www.myschool.com,115m
